time[h], CH01,CH02,CH03,CH04,CH05,CH06,CH07,CH08,CH09
0.0,-0.8700831795477132,-0.8700831795477132,-0.8700831795477132,-0.8700831795477132,-0.8700831795477132,-0.8700831795477132,-0.8700831795477132,-0.8700831795477132,-0.8700831795477132
0.16666666666666666,3.497393721352548,2.8873923884764245,4.107395054228672,3.55839385464016,2.8263922551888125,4.229395320803897,2.7653921219011997,4.412395720666734,3.192393054914487
0.3333333333333333,6.1826564278039555,4.967118981565041,7.398193874042869,6.304210172427846,4.845565236941152,7.641301363290651,4.72401149231726,8.005962597162327,5.5748877046845
0.5,12.467548941699206,10.650907916132574,14.284189967265835,12.64921304425587,10.469243813575915,14.647518172379161,10.287579711019252,15.192510480049155,11.559228428915894
0.6666666666666666,7.992143437624458,5.57879892054514,10.405487954703775,8.233477889332388,5.337464468837213,10.888156858119638,5.09613001712928,11.612160213243437,6.785471179084803
0.8333333333333334,1.9570666528096332,-1.0486134766805097,4.962746782299776,2.2576346657586477,-1.349181489629519,5.563882808197803,-1.6497495025785351,6.465586847044852,0.4542265880645662
1.0,14.420016055706663,10.826336219962654,18.013695891450674,14.779384039281064,10.466968236388258,18.732431858599472,10.107600252813857,19.810535809322683,12.623176137834664
1.1666666666666667,13.088864037155286,8.911488662411966,17.266239411898603,13.506601574629617,8.493751124937639,18.10171448684727,8.0760135874633,19.354927099270274,11.00017634978363
1.3333333333333333,24.10853232085524,19.351734067794013,28.865330573916467,24.584212146161363,18.876054242487896,29.81669022452871,18.400374417181773,31.243729700447087,21.730133194324633
1.5,13.716889843923592,8.384910097281319,19.048869590565864,14.250087818587819,7.8517121226171,20.115265539894317,7.31851414795287,21.71485946388701,11.050899970602465
1.6666666666666667,15.830223898846157,9.927272996355612,21.733174801336705,16.42051898909521,9.336977906106569,22.91376498183481,8.74668281585751,24.684650252581985,12.878748447600891
1.8333333333333333,30.385605116659395,23.915862576313785,36.85534765700501,31.032579370693956,23.268888322279235,38.149296165074134,22.621914068244667,40.09021892717783,27.150733846486602
2.0,24.819544414689563,17.787159160343553,31.851929669035577,25.522782940124166,17.08392063490896,33.25840671990478,16.380682109474357,35.36812229620859,21.30335178751657
2.1666666666666665,25.777968371324242,18.187058956643504,33.36887778600498,26.53705931279232,17.427968015175438,34.887059668941134,16.66887707370736,37.16433249334536,21.982513663983884
2.3333333333333335,28.37712610309315,20.23178093386465,36.522471272321646,29.191660620016002,19.417246416941815,38.15154030616735,18.602711900018956,40.595143856935906,24.304453518478912
2.5,34.514840488660916,25.819118043475893,43.21056293384594,35.384412733179424,24.949545798957402,44.94970742288295,24.079973554438894,47.55842415643847,30.166979266068417
2.6666666666666665,29.75445763463604,20.512386683957494,38.996528585314586,30.678664729703897,19.588179588889652,40.8449427754503,18.663972493821788,43.61756406065387,25.133422159296778
2.8333333333333335,42.24639241822641,32.46197224185313,52.03081259459968,43.22483443586373,31.48353022421582,53.987696629874335,30.505088206578485,56.923022682786325,37.354182330039784
3.0,37.858549451129086,27.53575005406778,48.18134884819039,38.89082939083521,26.50347011436167,50.24590872760265,25.471190174655526,53.342748546721054,32.69714975259845
3.1666666666666665,44.204217430090885,33.3469797568481,55.061455103333664,45.28994119741516,32.26125598952384,57.232902637982214,31.175532222199557,60.49007393995507,38.77559859346951
3.3333333333333335,33.33196349897441,21.94419964627989,44.71972735166893,34.47073988424386,20.805423261010453,46.99728012220784,19.666646875740994,50.41360927801621,27.638081572627165
3.5,46.1541923824158,34.239785810388625,58.06859895444298,47.34563303961852,33.04834515318592,60.45148026884842,31.85690449598319,64.02580224045658,40.19698909640223
3.6666666666666665,43.37905422118948,30.94185996295856,55.816248479420395,44.62277364701257,29.698140537135487,58.303687331066584,28.45442111131238,62.034845608535875,37.16045709207403
3.8333333333333335,47.4001518563537,34.44399672614378,60.35630698656363,48.69576736937469,33.1483812131228,62.94753801260562,31.852765700101806,66.8343845516686,40.92207429124876
4.0,56.58903071161765,43.11771351131215,70.06034791192316,57.93616243164821,41.770581791281614,72.75461135198425,40.423450071251054,76.79600651207592,49.85337211146492
4.166666666666667,50.879700629347155,36.89699235353893,64.86240890515539,52.27797145692798,35.49872152595813,67.65895056031704,34.100450698377294,71.85376304305952,43.88834649144306
4.333333333333333,54.835481584882956,40.345125624424135,69.32583754534177,56.28451718092884,38.896090028378275,72.22390873743353,37.44705443233239,76.57101552557118,47.59030360465357
4.5,47.11537563381311,32.12108797787492,62.109663289751296,48.61480439940692,30.62165921228112,65.10852082093894,29.122230446687286,69.60680711772041,39.61823180584403
4.666666666666667,61.930381057808376,46.435850494461874,77.42491162115488,63.479834114143024,44.88639743812724,80.52381773382419,43.336944381792584,85.17217690282816,54.183115776135146
4.833333333333333,60.567658910418956,44.5765472257475,76.55877059509041,62.1667700788861,42.977436057280386,79.7569929320247,41.37832488881323,84.55432643742616,52.57210306808326
5.0,57.32036115391731,40.83630332967159,73.80441897816304,58.968766936341886,39.18789754724705,77.10123054301218,37.539491764822465,82.04644789028592,49.07833224179448
5.166666666666667,47.82239874489501,30.849003154701133,64.79579433508889,49.51973830391441,29.15166359568177,68.19047345312767,27.454324036662367,73.28249213018586,39.335700949798095
5.333333333333333,58.10281000592525,40.643658610056676,75.56196140179382,59.84872514551211,38.897743470469834,79.05379168096754,37.15182833088297,84.29153709972815,49.37323430799099
5.5,61.26842442470326,43.32707296342695,79.20977588597958,63.062559570830906,41.53293781729935,82.79804617823484,39.738802671171705,88.18045161661775,52.297748694065135
5.666666666666667,61.73895948892858,43.31893767443588,80.15898130342126,63.58096167037785,41.476935492986634,83.8429856663198,39.63493331153735,89.36899221066764,52.52894858168225
5.833333333333333,61.183858813097935,42.288670520030486,80.07904710616538,63.07337764240467,40.39915169072376,83.85808476477885,38.509632861416996,89.52664125269914,51.73626466656423
6.0,66.37520797006269,47.008331424643714,85.74208451548166,68.31189562460459,45.07164377010185,89.61545982456546,43.134956115559945,95.42552278819119,56.69176969735323
6.166666666666667,77.2592063885242,57.42409435630533,97.09431842074306,79.24271759174609,55.44058315308348,101.06134082718684,53.457071949861586,107.01187443685251,67.34165037241479
6.333333333333333,67.4867820847532,47.18686205698704,87.78670211251936,69.51677408752983,45.15687005421046,91.84668611807261,43.12687805143382,97.93666212640248,57.336822070870156
6.5,69.84223210717532,49.08090648582362,90.60355772852702,71.91836466931049,47.00477392368848,94.75582285279737,44.9286413615533,100.9842205392029,59.461569296499505
6.666666666666667,64.65374138381907,43.43438766520684,85.8730951024313,66.7756767556803,41.31245229334566,90.11696584615373,39.19051692148442,96.48277196173744,54.04406452451299
6.833333333333333,74.09566751063409,52.42163846775924,95.76969655350894,76.26307041492157,50.254235563471795,100.10450236208392,48.08683265918428,106.6067110749464,63.25865298919669
7.0,76.97478049561032,54.849404359118715,99.10015663210191,79.18731810925946,52.63686674546959,103.52523185940021,50.42432913182042,110.16284470034773,65.91209242736454
7.166666666666667,74.22105502398313,51.64763566181916,96.79447438614709,76.47839696019952,49.390293725602795,101.30915825857988,47.13295178938639,108.0811840672291,62.934345342901175
7.333333333333333,70.86939657624399,47.851213671985796,93.88757948050218,73.1712148666698,45.54939538156002,98.49121606135381,43.24757709113418,105.39667093263128,59.36030512411492
7.5,76.0867355279428,52.62704475783231,99.5464262980533,78.43270460495386,50.28107568082129,104.2383644520754,47.935106603810226,111.27627168310858,64.35689014288758
7.666666666666667,78.42773019176171,54.52976340043864,102.32569698308478,80.81752687089403,52.139966721306365,107.10529034134939,49.75017004217404,114.27468037874635,66.4787467961002
7.833333333333333,81.61644708248373,57.28341245743338,105.94948170753408,84.04975054498877,54.850108994928384,110.81608863254414,52.41680553242333,118.11599902005929,69.44992976995859
8.0,82.60003124212282,57.83511348684678,107.36494899739888,85.07652301765043,55.358621711319216,112.3179325484541,52.88212993579159,119.74740787503696,70.21757236448484
8.166666666666666,86.82147701284009,61.62783751875936,112.01511650692083,89.34084096224818,59.10847356935132,117.05384440573698,56.58910961994322,124.61193625396122,74.22465726579976
8.333333333333334,92.50171436310362,66.8824913802034,118.12093734600381,95.06363666139363,64.32056908191343,123.24478194258384,61.75864678362339,130.93054883745393,79.69210287165355
8.5,85.71886069128865,59.67716949751418,111.76055188506314,88.3230298106661,57.07300037813676,116.96889012381803,54.4688312587593,124.7813974819504,72.69801509440147
8.666666666666666,88.86778392855207,62.4067169979641,115.32885085914005,91.51389062161087,59.76061030490533,120.62106424525764,57.114503611846516,128.55938432443406,75.63725046325813
8.833333333333334,94.37267605192291,67.4953032216226,121.25004888222321,97.06041333495294,64.8075659385926,126.62552344828327,62.11982865556255,134.68873529737343,80.93398963677278
9.0,93.12793051057346,65.83729914640533,120.4185618747416,95.85699364699028,63.10823600998856,125.8766881475752,60.37917287357172,134.06387755682567,79.48261482848943
9.166666666666666,89.46506141989093,61.76419658093277,117.1659262588491,92.23514790378675,58.994110097036994,122.70609922664073,56.22402361314115,131.0163586783282,75.61462900041188
9.333333333333334,108.26833165071899,80.16023625256773,136.37642704887026,111.07914119053413,77.34942671275265,141.99804612850053,74.5386171729375,150.43047474794594,94.21428395164341
9.5,100.42580241570455,71.91345739256694,128.93814743884215,103.2770369180183,69.06222289025322,134.64061644346967,66.21098838793944,143.194319950411,86.16962990413579
9.666666666666666,94.6829996805225,65.76936414611923,123.59663521492577,97.57436323396283,62.878000592678944,129.3793623218064,59.986637039238595,138.05345298212742,80.2261819133209
9.833333333333334,91.6770765984091,62.36508800570107,120.98906519111712,94.6082754576799,59.43388914643032,126.85146290965871,56.502690287159496,135.64505948747114,77.02108230205513
10.0,90.38017970587158,60.67275400561706,120.08760540612612,93.35092227589703,57.702011435591636,126.02909054617702,54.73126886556617,134.94131825625342,75.52646685574436
10.166666666666666,102.61347337623586,72.5135051743869,132.7134415780848,105.62347019642075,69.50350835420205,138.73343521845462,66.49351153401713,147.76342567900932,87.56348927531143
10.333333333333334,99.72568741455927,69.23605012850606,130.21532470061246,102.77465114316459,66.18708639990079,136.31325215782311,63.138122671295456,145.46014334363915,84.48086877153273
10.5,103.35339522979689,72.47694124346839,134.2298492161254,106.44104062842973,69.38929584483557,140.40514001339108,66.3016504462027,149.6680762092897,87.91516823663267
10.666666666666666,104.40616504893289,73.14572586676205,135.66660423110372,107.53220896714997,70.01968194854501,141.9186920675379,66.89363803032792,151.29682382218917,88.77594545784753
10.833333333333334,107.36052003278049,75.71890643254254,139.00213363301842,110.52468139280428,72.55474507251878,145.330456353066,69.39058371249497,154.82294043313746,91.53971323266155
11.0,105.41447095514044,73.39447313967233,137.43446877060856,108.61647073668726,70.19247335812555,143.8384683337022,66.99047357657872,153.44446767834268,89.40447204740643
11.166666666666666,114.41122618509284,82.01561393290213,146.80683843728355,117.65078741031192,78.7760527076831,153.28596088772173,75.53649148246402,163.00464456337897,98.21342005899753
11.333333333333334,105.39294274766813,72.62446556243937,138.16141993289688,108.669790466191,69.34761784391655,144.71511536994262,66.07077012539365,154.5456585255113,89.00870415505379
11.5,116.8895843242168,83.75097158322366,150.02819706520995,120.20344559831611,80.43711030912438,156.65591961340857,77.12324903502504,166.59750343570659,100.32027795372026
11.666666666666666,115.90060372908854,82.39456483051933,149.40664262765776,119.25120761894547,79.04396094066246,156.10785040737161,75.6933570508055,166.15966207694245,99.147584279804
11.833333333333334,120.05947450877034,86.18869901797532,153.93024999956535,123.44655205784984,82.80162146889587,160.70440509772436,79.41454391981634,170.8656377449629,103.12408676337287
12.0,117.9361809127048,83.70333870737285,152.16902311803673,121.359465133238,80.2800544868397,159.01559155910314,76.85677026630648,169.28544422070277,100.81975981003887
12.166666666666666,118.12017465715428,83.52791607142692,152.71243324288167,121.57940051572702,80.06869021285421,159.63088496002715,76.60946435428144,170.00856253574543,100.82404536429064
12.333333333333334,112.5835806844271,77.63453665195748,147.53262471689672,116.07848508767405,74.13963224871056,154.52243352339062,70.64472784546355,165.00714673313158,95.10905866819233
12.5,111.86049539457605,76.55727759054093,147.16371319861113,115.39081717497956,73.02695581013747,154.22435675941816,69.49663402973394,164.81532210062875,94.20888649255853
12.666666666666666,111.17558870924637,75.52078969131846,146.83038772717427,114.74106861103917,71.95530978952573,153.96134753075984,68.38982988773292,164.65778723613826,93.34818920028246
12.833333333333334,109.03928359129166,73.03547693958002,145.04309024300332,112.63966425646282,69.43509627440892,152.24385157334564,65.83471560923773,163.04499356885918,91.03738026543589
13.0,108.29484092511866,71.94458138108479,144.6451004691525,111.92986687952204,68.30955542668146,151.9151523779593,64.67452947227804,162.8202302411695,90.11971115310178
13.166666666666666,121.79695615942543,85.10277976378252,158.49113255506836,125.46637379898974,81.43336212421828,165.82996783419696,77.76394448465395,176.83822075288987,103.44986796160403
13.333333333333334,120.37594086603112,83.34036509563367,157.41151663642853,124.07949844307086,79.63680751859397,164.81863179050802,75.9332499415542,175.9293045216273,101.85815298083244
13.5,115.4118462914411,78.03737019517284,152.7863223877093,119.1492939010679,74.29992258554608,160.26121760696296,70.56247497591923,171.47356043584347,96.72460824330702
13.666666666666666,119.74552277394803,82.03462710761491,157.45641844028114,123.51661234058135,78.26353754098164,164.99859757354778,74.49244797434831,176.31186627344778,100.89007494078152
13.833333333333334,119.85371498496764,81.80886234520338,157.8985676247319,123.65820024894406,78.004377081227,165.50753815268476,74.19989181725055,176.92099394461408,100.83128866508557
14.0,117.58605599291796,79.20969095010956,155.96242103572635,121.42369249719881,75.37205444582877,163.63769404428803,71.5344179415479,175.1506035571306,98.39787347151382
14.166666666666666,118.79320541003156,80.08775464027168,157.49865617979142,122.66375048700755,76.21720956329577,165.23974633374343,72.34666448631975,176.85138156467144,99.44048002515169
14.333333333333334,120.54712664303894,81.51499905911244,159.57925422696542,124.45033940143158,77.61178630071984,167.38567974375073,73.70857354232717,179.09531801892874,101.03106285107575
14.5,119.73040998992208,80.3739968713337,159.08682310851043,123.66605130178091,76.43835555947491,166.95810573222815,72.50271424761605,178.7650296678047,100.05220343062794
14.666666666666666,124.21806568563295,84.53974080768319,163.8963905635827,128.18589817342792,80.57190831988827,171.83205553917267,76.60407583209326,183.73555300255765,104.37890324665811
14.833333333333334,116.2248358858462,76.22695564776241,156.22271612393,120.22462390965457,72.22716762395409,164.22229217154677,68.22737960014567,176.22165624297196,96.22589576680436
15.0,127.43064372481923,87.11554727694873,167.74574017268975,131.4621533696063,83.08403763216174,175.80875946226385,79.05252798737466,187.90328839662507,107.27309550088404
15.166666666666666,123.10505237295642,82.47506174302856,163.73504300288425,127.1680514359492,78.41206268003585,171.86104112886986,74.34906361704303,184.05003831784828,102.79005705799256
15.333333333333334,125.7605717495327,84.81799196799673,166.70315153106867,129.8548297276863,80.7237339898432,174.89166748737586,76.62947601168956,187.17444142183672,105.28928185876478
15.5,129.58751654294323,88.33463576738863,170.84039731849788,133.7128046204987,84.20934768983322,179.09097347360878,80.08405961227773,191.46683770627521,108.961076155166
15.666666666666666,129.92547662365465,88.36456626232074,171.48638698498854,134.08156765978802,84.2084752261874,179.79856905725535,80.05238419005397,192.26684216565556,109.14502144298775
15.833333333333334,133.4617593379202,91.59507417230162,175.32844450353872,137.64842785448204,87.40840565573984,183.70178153666242,83.22173713917796,196.26178708634805,112.52841675511097
16.0,133.68203428130252,91.51181258785745,175.85225597474755,137.899056450647,87.29479041851299,184.28630031343656,83.07776824916846,196.93736682147016,112.59692343458002
16.166666666666668,130.82941806606172,88.35788173702875,173.30095439509472,135.07657169896504,84.11072810412551,181.7952616609013,79.8635744712222,194.53672255961126,109.5936499015453
16.333333333333332,133.01360281024233,90.24295747357331,175.78424814691138,137.29066734390923,85.96589293990648,184.33837721424518,81.68882840623955,197.16957081524595,111.6282801419079
16.5,133.09492219004102,90.02735732845593,176.16248705162607,137.4016786761995,85.7206008422975,184.77600002394308,81.41384435613895,197.69626948241867,111.56113975924853
16.666666666666668,132.8404827406411,89.47817180981146,176.20279367147074,137.17671383372408,85.14194071672856,184.8752558576367,80.80570962364555,197.88394913688563,111.15932727522635
16.833333333333332,133.07070620469918,89.41580675056616,176.7256056588322,137.4361961501125,85.05031680515292,185.45658554965883,80.68482685973959,198.55305538589877,111.24325647763274
17.0,137.86386093006803,93.91851470530203,181.80920715483404,142.2583955525446,89.52398008282549,190.59827639978724,85.12944546034888,203.7818802672171,115.89118781768511
17.166666666666668,137.8995294317615,93.66586251136907,182.1331963521539,142.32289612380072,89.24249581932989,190.97992973623238,84.81912912729062,204.2500298123502,115.78269597156533
17.333333333333332,144.16676498565877,99.64688788174351,188.68664208957406,148.6187526960503,95.19490017135205,197.5906175103571,90.74291246096048,210.94658064153174,121.90682643370121
17.5,141.08944108328836,96.28544885897139,185.89343330760533,145.56984030572005,91.80504963653975,194.8542317524687,87.32465041410802,208.29542941976388,118.68744497112993
17.666666666666668,136.39134355792868,91.30531594043566,181.4773711754217,140.89994631967798,86.79671317868642,190.49457669892033,82.28811041693709,204.02038498416832,113.84832974918224
17.833333333333332,131.81960293196235,86.45360442488229,177.1856014390424,136.35620278267035,81.91700457417437,186.2588011404584,77.38040472346633,199.86860069258245,109.13660367842238
18.0,139.30386374563005,93.6599437403528,184.9477837509073,143.86825574615779,89.09555173982514,194.07656775196276,84.5311597392974,207.76974375354598,116.48190374299149
18.166666666666668,140.49069028048856,94.57088316682614,186.410497394151,145.08267099185483,89.97890245545996,195.5944588168835,85.38692174409368,209.37040095098232,117.53078672365743
18.333333333333332,148.98574763035882,102.79207290635723,195.1794223543604,153.605115102759,98.17270543395715,204.41815729916073,93.55333796155695,218.2762597163613,125.88891026835809
18.5,132.10237571279316,85.63683809374051,178.56791333184583,136.74892947469843,80.99028433183531,187.86102085565636,76.34373056993,201.80068214137225,108.86960690326691
18.666666666666668,148.8107351867638,102.07532471340012,195.54614566012748,153.48427623410018,97.40178366606384,204.89322775480017,92.72824261872744,218.91385089680938,125.44302995008202
18.833333333333332,146.30165011297336,99.29834225890875,193.30495796703792,151.0019808983798,94.59801147350237,202.70561953785085,89.89768068809585,216.8066118940703,122.79999618594113
19.0,138.09341193254414,90.82416771089024,185.36265615419808,142.82033635470953,86.0972432887249,194.81650499852887,81.37031886655947,208.99727826502507,114.45878982171726
19.166666666666668,141.46461071912512,93.93137678834614,188.9978446499041,146.21793411220298,89.17805339526831,198.50449143605988,84.42473000219039,212.76446161529364,117.6979937537357
19.333333333333332,141.1788232831956,93.38353205218479,188.97411451420646,145.9583524062967,88.60400292908378,198.53317276040863,83.82447380598266,212.87176012971196,117.28117766769029
19.5,152.32836727689877,104.27293700928524,200.3837975445123,157.13391030366014,99.46739398252394,209.99488359803505,94.66185095576256,224.41151267831918,128.30065214309207
19.666666666666668,143.73313269731813,95.41946761501063,192.04679777962562,148.56449920554888,90.58810110677994,201.7095307960871,85.75673459854917,216.20363032077947,119.57630015616445
19.833333333333332,146.44918083471373,97.87917122068617,195.0191904487413,151.3061817961165,93.02217025928348,204.73319237154683,88.1651692978807,219.30419525575516,122.16417602770002
20.0,136.59574139833367,87.77126369865836,185.420219098009,141.4781891683012,82.88881592869087,195.18511463794405,78.00636815872332,209.83245794784673,112.18350254849608
20.166666666666668,143.95901546419552,94.88193238932945,193.03609853906158,148.8667237716821,89.97422408184289,202.8515151540348,85.06651577435628,217.5746400764947,119.42047392676255
20.333333333333332,149.6816786231685,100.35383924849837,199.0095179978386,154.6144625606355,95.42105531103144,208.8750858727726,90.4882713735644,223.6734376851737,125.01775893583348
20.5,140.8079579108984,91.23119777654955,190.38471804524724,145.7656339243333,86.27352176311474,200.30007007211702,81.31584574967982,215.17309811242174,116.01957784372405
20.666666666666668,137.03922593549038,87.21536714540498,186.86308472557573,142.0216118144989,82.23298126639652,196.82785648359283,77.25059538738795,211.7750141206185,112.12729654044773
20.833333333333332,143.86456503389164,93.79541635418192,193.9337137136013,148.87147990186259,88.78850148621103,203.94754344954325,83.78158661824003,218.96828805345623,118.82999069403687
21.0,142.23776978173115,91.92512673831249,192.55041282514983,147.269034086073,86.8938624339707,202.61294143383353,81.8625981296288,217.70673434685924,117.08144826002189
21.166666666666668,146.90948345060207,96.35512842611134,197.46383847509279,151.96491895305113,91.29969292366233,207.57470947999093,86.24425742121323,222.7410159873382,121.63230593835678
21.333333333333332,147.02707334497504,96.23277567497979,197.8213710149703,152.10650311197458,91.15334590798034,207.98023054896933,86.07391614098077,223.21851984996798,121.62992450997749
21.5,144.10898080613748,93.07649687464054,195.1414647376344,149.21222919928718,87.97324848149091,205.3479615239338,82.87000008834119,220.65770670338296,118.59273884038909
21.666666666666668,148.21960873306895,96.95068206731422,199.4885353988237,153.34650139964444,91.8237894007388,209.74232073197467,86.69689673416329,225.12299873170116,122.58514540019166
21.833333333333332,151.73722577094884,100.23358713553284,203.24086440636484,156.88758963449044,95.08322327199132,213.54159213344803,89.93285940844967,228.9926837240729,125.9854064532409
22.0,146.74220650900563,95.00557399930037,198.4788390187109,151.91586975997615,89.83191074832992,208.8261655206519,84.65824749735934,224.34715527356354,120.87389025415308
22.166666666666668,157.94969281415504,105.981771949047,209.9176136792631,163.14648490066585,100.78497986253626,220.31119785228472,95.58818777602542,235.9015741118172,131.9657323816011
22.333333333333332,145.58346200399143,93.38594581794148,197.78097819004137,150.80321362259642,88.16619419933653,208.2204814272514,82.94644258073151,223.87973628306645,119.48470391096652
22.5,157.55908001364975,105.13364914807939,209.9845108792201,162.80162310020677,99.89110606152244,220.46959705233414,94.64856297496537,236.1972263120053,131.34636458086464
22.666666666666668,154.0452721327836,101.39359492679237,206.69694933877483,159.31043985338272,96.12842720619335,217.22728477997305,90.86325948559418,233.02278794177053,127.71943352978808
22.833333333333332,145.18062324307576,92.3043558234942,198.05689066265728,150.46824998503388,87.01672908153614,208.63214414657358,81.72910233957795,224.49502437244809,118.74248953328505
23.0,162.10217467466498,109.00296104544884,215.20138830388112,167.4120960375866,103.69303968252729,225.82123102972434,98.38311831960564,241.75099511848924,135.552567860057
23.166666666666668,149.2290547722933,95.90852690326297,202.54958264132358,154.56110755919633,90.57647411636002,213.21368821512965,85.24442132945694,229.20984657583887,122.56879083777821
23.333333333333332,153.68359756116837,100.14337547609915,207.2238196462376,159.0376197696753,94.7893532675923,217.93186406325145,89.43533105908534,233.99393068877228,126.91348651863385
23.5,153.1275243903114,99.36921625437857,206.88583252624423,158.50335520390468,93.99338544078536,217.63749415343082,88.61755462719204,233.76498659421074,126.24837032234507
23.666666666666668,157.46125724990785,103.48645945649189,211.43605504332382,162.85873702924943,98.08897967715038,222.23101460200698,92.69149989780874,238.4234539400319,130.47385835319994
23.833333333333332,156.4361371897595,102.24643444661586,210.62583993290315,161.85510746407385,96.82746417230156,221.46378048153187,91.40849389798717,237.72069130447503,129.34128581818777
24.0,152.48167250060143,98.07863791539941,206.88470708580346,157.92197595912162,92.63833445687929,217.76531400284384,87.19803099835904,234.08622437840455,125.2801552080005
24.166666666666668,164.05135280697084,109.43654797220645,218.66615764173523,169.51283329044728,103.97506748873009,229.5891186086881,98.51358700525361,245.9735600591175,136.74395038958872
24.333333333333332,152.9812832381406,98.1562583154278,207.80630816085338,158.46378573041187,92.6737558231566,218.77131314539596,87.19125333088527,235.21882062220988,125.56877077678428
24.5,157.95434516462169,102.92063896836662,212.98805136087677,163.4577157842472,97.41726834874119,223.99479260012777,91.91389772911565,240.50490445900436,130.43749206649423
24.666666666666668,160.41287637239807,105.17201645286082,215.65373629193533,165.9369623643518,99.64793046090716,226.70190827584278,94.1238444689534,243.27416625170403,132.79244641262954
24.833333333333332,158.16210766322084,102.71561038896915,213.60860493747253,163.706757390646,97.17096066154406,224.69790439232287,91.62631093411885,241.33185357459845,130.4388590260951
25.0,151.49272090832443,95.84209154808389,207.14335026856494,157.05778384434848,90.27702861205991,218.27347614061304,84.71196567603583,234.96866494868527,123.66740622820421
25.166666666666668,162.45140512396293,106.59813792786795,218.30467232005788,168.03673184357243,101.01281120825854,229.47532575927687,95.42748448864901,246.23130591810545,134.52477152591553
25.333333333333332,158.71912118093502,102.66469946118521,214.77354290068484,164.32456335291002,97.05925728921031,225.98442724463482,91.45381511723528,242.80075376055984,130.6919103210602
25.5,158.1971824153182,101.94307862624402,214.45128620439235,163.82259279422559,96.31766824733667,225.7021069622072,90.69225786842922,242.57833809892952,130.0701305207812
25.666666666666668,149.36720553839893,92.91488135594167,205.81952972085617,155.01243795664465,87.26964893769602,217.10999455734762,81.62441651945028,234.04569181208487,121.14104344717038
25.833333333333332,155.7022256611583,99.05313206176798,212.35131926054862,161.36713502109734,93.38822270182902,223.6811379804267,87.72331334188995,240.67586606024386,127.37767886146324
26.0,160.60198078067737,103.75755811963313,217.4464034417216,166.2864230467818,98.07311585352879,228.81528797393042,92.38867358742432,245.86861477224377,132.1797694501553
26.166666666666668,159.75061205039293,102.71229013955033,216.78893396123556,165.4544442414772,97.00845794846614,228.19659834340408,91.30462575738184,245.30809491665693,131.2314510949717
26.333333333333332,165.0151457119532,107.78434389692204,222.24594752698437,170.73822589345633,102.06126371541902,233.69210788999058,96.33818353391585,250.86134843450003,136.39974480443772
26.5,165.92901915526417,108.50714639202174,223.3508919185066,171.6712064315884,102.76495911569758,234.83526647115508,97.0227718393733,252.06182830012787,137.21808277364303
26.666666666666668,157.4261790722581,99.81463400320142,215.03772414131478,163.18733357916375,94.05347949629584,226.56003315512612,88.29232498939014,243.84349667584323,128.62040653772985
26.833333333333332,168.78409969000538,110.98427071944668,226.58392866056406,174.56408258706125,105.2042878223909,238.1438944546758,99.424304925335,255.48384314584345,139.88418520472612
27.0,167.77740437988925,109.79066974899911,225.76413901077945,173.57607784297826,103.99199628591018,237.36148593695748,98.19332282282112,254.7575063262246,138.78403706444425
27.166666666666668,169.91181835401568,111.73954621521709,228.08409049281425,175.72904556789553,105.92231900133733,239.71854492057398,100.10509178745743,257.17022656221366,140.82568228461648
27.333333333333332,165.07114816000023,106.71469665081875,223.42759966918172,170.9067933109184,100.87905149990067,235.09888997101805,95.04340634898247,252.60582542377256,135.89292240540956
27.5,168.51009129769082,109.97080861406347,227.0493739813182,174.36401956605357,104.11688034570082,238.75723051804366,98.26295207733803,256.31901532313196,139.24044995587724
27.666666666666668,157.72009252112736,98.99931699017537,216.44086805207937,163.59217007422254,93.12723943708025,228.18502315826976,87.25516188398501,245.80125581755541,128.35970475565145
27.833333333333332,166.1882914156194,107.2873515678881,225.0892312633507,172.07838540039253,101.39725758311505,236.86941923289695,95.50716359834188,254.53970118721645,136.73782149175383
28.0,163.3622194513648,104.28243409253467,222.44200481019496,169.27019798724783,98.37445555665174,234.257961881961,92.46647702076868,251.98189748961013,133.82232677194983
28.166666666666668,167.87657105330442,108.6192493353772,227.13389277123161,173.80230322509715,102.69351716358457,238.98535711481708,96.7677849917918,256.7625536301953,138.24791019434088
28.333333333333332,162.5169607243286,103.08340221629254,221.9505192323647,168.46031657513223,97.14004636548901,233.83723093397194,91.19669051468536,251.6672984863828,132.80018147031066
28.5,166.34246555241486,106.73396031039232,225.95097079443738,172.30331607661714,100.77310978619016,237.8726718428419,94.81225926198786,255.75522341544877,136.53821293140368
28.666666666666668,157.12266467212422,97.34049330900619,216.9048360352422,163.100881808436,91.36227617269446,228.86127030786582,85.38405903638262,246.7959217168013,127.23157899056528
28.833333333333332,150.70339228678367,90.74882604135429,210.65795853221303,156.6988489113266,84.75336941681144,222.6488717812989,78.75791279226846,240.6352416549278,120.72610916406906
29.0,162.0669375124254,101.94123831798058,222.19263670687022,168.0795074318699,95.92866839853617,234.2177765457592,89.91609847909164,252.25548630409273,132.0040879152031
29.166666666666668,177.35515251297986,117.05957306544356,237.65073196051614,183.3847104577335,111.03001512069001,249.7098478500234,105.00045717593633,267.79852168428437,147.2073627892118
29.333333333333332,164.97321970556195,104.50900353110393,225.43743588001996,171.01964132300773,98.46258191365823,237.53027911491154,92.41616029621237,255.66954396724907,134.74111161833304
29.5,169.99001046716677,109.35839198932543,230.62162894500813,176.05317231495093,103.29523014154138,242.74795264057641,97.2320682937572,260.9374381839289,139.67420122824618
29.666666666666668,167.5970430732584,106.79924767957193,228.39483846694486,173.67682261262703,100.71946814020339,240.55439754568215,94.63968860083469,258.7937361637882,137.19814537641525
29.833333333333332,165.83163842104926,104.86888252919962,226.7943943128989,171.92791401023422,98.77260694001474,238.9869454912688,92.67633135082974,257.2757722588238,135.35026047512451
30.0,161.01875897966332,99.89225010313554,222.1452678561911,167.1314098673161,93.77959921548285,234.37056963149666,87.66694832783001,252.7085222944551,130.4555045413995
30.166666666666668,171.27232078863025,109.98325760189131,232.5613839753692,177.40122710730415,103.85435128321751,244.819196612717,97.72544496454357,263.2059155687389,140.62778919526087
30.333333333333332,169.53099949013583,108.08057189333644,230.9814270869352,175.67604224981574,101.93552913365657,243.27151260629512,95.79048637397659,261.70664088533505,138.80578569173622
30.5,166.93164401894256,105.32103320214529,228.5422548357398,173.09270510062228,99.15997212046565,240.8643769990993,92.99891103878588,259.34756024413855,136.126338610544
30.666666666666668,165.40617026809142,103.63654877502874,227.1757917611541,171.58313241739768,97.45958662572257,239.52971605976663,91.28262447641625,258.06060250768553,134.52135952156016
30.833333333333332,162.04618904162186,100.11872083298731,223.9736572502564,168.2389358624853,93.92597401212394,236.35915089198332,87.73322719126044,254.93739135457378,131.08245493730468
31.0,174.49193746999478,112.40777798627104,236.57609695371852,180.70035341836717,106.19936203789877,248.99292885046327,99.99094608952635,267.6181766955805,143.44985772813303
31.166666666666668,159.4916675348552,97.25196375868211,221.73137131102828,165.71563791247252,91.02799338106489,234.1793120662629,84.80402300344755,252.85122319911494,128.37181564676874
31.333333333333332,174.6425749588793,112.24846547696545,237.03668444079312,180.88198590707069,106.00905452877414,249.5155063371759,99.76964358058272,268.23373918175014,143.44552021792245
31.5,171.78737293623976,109.23998800082082,234.33475787165867,178.04211142978164,102.98524950727902,246.84423485874245,96.73051101373709,265.60845033936823,140.51368046853037
31.666666666666668,166.47921530468477,103.779676894532,229.17875371483757,172.74916914570005,97.50972305351682,241.71866139686813,91.2397692125015,260.52852291991405,135.1294460996085
31.833333333333332,170.20789250912432,107.35731439010634,233.0584706281423,176.49295032102611,101.07225657820463,245.6285862519459,94.78719876630278,264.4837596876514,138.7826034496154
32.0,175.2489635703012,112.24845135550275,238.2494757850997,181.54901479178108,105.94840013402299,250.84957822805939,99.6483489125431,269.74973189249897,143.74870746290208
32.166666666666664,165.70662606550405,102.55727727490434,228.85597485610378,172.02156094456402,96.24234239584445,241.48584461422368,89.92740751678444,260.43064925140374,134.13195167020427
32.333333333333336,168.5300332022151,105.23293732192955,231.82712908250065,174.85974279024364,98.90322773390108,244.48654825855778,92.57351814587248,263.47567702264354,136.88148526207237
32.5,161.42024339971854,97.9764819408068,224.86400485863027,167.7646195456097,91.63210579491572,237.5527571504126,85.2877296490245,256.5858855880862,129.69836267026278
32.666666666666664,171.30953286328582,107.7201794201293,234.89888630644234,177.66846820760148,101.36124407581374,247.61675699507362,95.00230873149805,266.6935630280207,139.51485614170764
32.833333333333336,169.67350647372814,105.93962678198015,233.4073861654761,176.04689444290292,99.56623881280545,246.15416210382568,93.19285084363061,265.2743260113502,137.80656662785424
33.0,171.5037089822463,107.62636097635823,235.38105698813442,177.89144378283513,101.23862617576951,248.15652658931205,94.85089137518067,267.3197309910786,139.56503497930234
33.166666666666664,170.34448692941695,106.32472079974295,234.36425305909094,176.74646354238433,99.92274418677565,247.16820628502572,93.52076757380819,266.37413612392805,138.33460386458003
33.333333333333336,168.12447160857218,103.96332985805627,232.2856133590881,174.54058578362378,97.54721568300478,245.1178417091913,91.13110150795313,264.3661842343462,136.04390073331433
33.5,170.8162712926704,106.51478879311838,235.11775379222243,177.2464195426256,100.08464054316327,247.97805029213285,93.65449229320802,267.2684950419985,138.6655300428945
33.666666666666664,173.41288357673713,108.97208762467663,237.85367952879758,179.8569631719432,102.52800802947067,250.7418387192097,96.08392843426458,270.0740775048279,141.19248560070696
33.833333333333336,171.39261179946888,106.81352217160054,235.97170142733725,177.85052076225574,100.3556132088138,248.8875193529109,93.89770424602692,268.26124624127146,139.1030669855348
34.0,172.65449058565375,107.93811959389642,237.3708615774111,179.1261276848295,101.46648249472076,250.31413577576257,94.99484539554498,269.72904707328985,140.2963050897752
34.166666666666664,164.18840564572352,99.33575819185656,229.04105309959044,170.6736703911102,92.85049344646994,242.01158259036384,86.36522870108321,261.467376826524,131.7620819187901
34.333333333333336,171.82735655261308,106.8394301825189,236.8152829227073,178.32614918962253,100.34063754550958,249.81286819672613,93.84184490850011,269.3092461077545,139.33339336756606
34.5,177.67050142708533,112.54828638459435,242.7927164695763,184.18272293133444,106.03606488034536,255.8171594780745,99.5238433760962,275.35382399082187,145.10939390583994
34.666666666666664,182.70106504865083,117.4455443289929,247.95658576830874,189.22661712061662,110.91999225702719,261.0076899122403,104.39444018506134,280.5843461281378,150.07330468882196
34.833333333333336,171.93453842242087,106.54668782528502,237.32238901955674,178.47332348213445,100.00790276557153,250.3999591389839,93.4691177058579,270.0163143181247,139.24061312385302
35.0,175.74568339002457,110.22647157223048,241.2648952078186,182.29760457180396,103.67455039045116,254.36873757137744,97.1226292086717,274.0245011167158,142.9860774811276
35.166666666666664,169.3334173498761,103.68380587766008,234.9830288220921,175.8983784970977,97.11884473043857,248.11295111653533,90.55388358321692,267.80783455820017,136.50861161376818
35.333333333333336,178.56862133620993,112.78956473712799,244.34767793529187,185.14652699611813,106.21165907721989,257.50348925510826,99.63375341731164,277.2372062348329,145.67909303666906
35.5,176.37569896452345,110.46814477897466,242.28325315007223,182.96645438307834,103.87738936041988,255.46476398718198,97.28663394186495,275.23703024284674,143.42192187174916
35.666666666666664,177.34088504178837,111.30577387416098,243.3759962094158,183.94439615855111,104.70226275739833,256.5830184429413,98.09875164063553,276.3935517932296,144.32332945797478
35.833333333333336,184.01244375939692,117.85070932883991,250.17417818995395,190.62861720245263,111.23453588578431,263.40652507606535,104.61836244272854,283.2550454052326,150.93157654411849
36.0,172.29435102740314,106.00692021822641,238.58178183657984,178.92309410832078,99.37817713730884,251.83926799841518,92.74943405639111,271.72549724116834,139.15063562281486
36.166666666666664,180.1993023021323,113.78709521383786,246.61150939042676,186.84052301096176,107.1458745050085,259.8939508080857,100.50465379617903,279.81761293457413,146.99319875798517
36.333333333333336,178.93858381973843,112.4025138166851,245.47465382279177,185.59219082004375,105.74890681637986,258.78186782340237,99.09529981607449,278.74268882431846,145.67054881821187
36.5,170.3499226859408,103.6908964466458,237.00894892523584,177.0158253098703,97.02499382271638,250.34075417309484,90.35909119878683,270.33846204488344,137.02040956629338
36.666666666666664,176.1477473820904,109.36666494816959,242.92882981601122,182.8258556254825,102.6885567047776,256.28504630279537,96.01044846138547,276.3193710329717,142.7572061651301
36.833333333333336,181.7769903867179,114.87474521146817,248.6792355619676,188.46721490424287,108.1845206939433,262.05968459701757,101.49429617641827,282.1303581495926,148.32586779909312
37.0,178.61153330346278,111.58901230008864,245.63405430683693,185.31378540380018,104.88676019975132,259.03855850751177,98.18450809941386,279.14531480852406,145.1002728017758
37.166666666666664,174.85956761726317,107.71765120675022,242.00148402777614,181.57375925831445,101.00345956569902,255.42986730987874,94.28926792464767,275.57244223303275,141.2886094120068
37.333333333333336,178.54051284068626,111.28007499932444,245.8009506820481,185.26655662482244,104.55403121518835,259.25303825032046,97.82798743105211,279.43116960272914,144.91029392000547
37.5,180.2008601546282,112.822768461187,247.5789518480694,186.93866932397233,106.08495929184296,261.0545701867576,99.34715012249879,281.2679976947901,146.51181430790768
37.666666666666664,179.3355249591915,111.84064064174996,246.83040927663308,186.08501339093564,105.0911522100059,260.32938614012136,98.34166377826169,280.577851435354,145.58808280047083
37.833333333333336,177.78175817681594,110.17093615924975,245.3925801943821,184.54284037857255,103.40985395749323,258.9147445978953,96.64877175573656,279.19799120316526,143.97634716803296
38.0,184.0979543332418,116.3720432813703,251.82386538511332,190.87054543842896,109.59945217618325,265.3690475954876,102.82686107099605,285.68682091104915,150.23499880730617
38.166666666666664,176.7110235753315,108.8708659427266,244.55118120793645,183.495039338592,102.08685017946621,258.1192127344574,95.30283441620566,278.471260024239,142.79094475902914
38.333333333333336,168.80774229338994,100.85417436684986,236.76131021993,175.60309908604395,94.05881757419596,250.35202380523802,87.26346078154191,270.7380941832002,134.83095833011998
38.5,171.29924119957101,103.23309314426136,239.36538925488065,178.105856005102,96.42647833873049,252.97861886594256,89.61986353319946,273.3984632825356,137.2661671719163
38.666666666666664,178.38725838994054,110.20935429420456,246.56516248567655,185.20504879951415,103.39156388463105,260.2007433048237,96.57377347505741,280.6541145335446,144.29830634207266
38.833333333333336,176.69720432270802,108.40836224254909,244.98604640286692,183.5260885307239,101.5794780345333,258.6438148188987,94.75059382651736,279.1304674429465,142.55278328262867
39.0,173.1044812194118,104.70551322265032,241.50344921617324,179.94437801908796,97.86561642297427,255.18324281552557,91.02571962329807,275.7029332145541,138.90499722103118
39.166666666666664,177.26797932762574,108.75969153773266,245.7762671175188,184.11880810661506,101.90886275874345,259.47792467549743,95.0580339797541,280.03041101246544,143.01383543267931
39.333333333333336,172.6871371272845,104.07032976689402,241.30394448767498,179.54881786332356,97.20864903085509,255.02730595975302,90.346968294816,275.61234816787027,138.37873344708936
39.5,177.7035150691814,108.97898250328534,246.42804763507746,184.575968325771,102.10652924669581,260.17295414825674,95.23407599010616,280.7903139180257,143.34124878623345
39.666666666666664,173.9175214574033,105.08605223622892,242.74899067857766,180.80066837952074,98.20290531411159,256.5152845228125,91.3197583919941,277.16472528916495,139.5017868468162
39.833333333333336,175.59886942629373,106.66124632786808,244.53649252471936,182.4926317361363,99.76748401802563,258.32401714440454,92.87372170818301,279.0053040739323,141.13005787708101
40.0,171.72140328644463,102.67840335884708,240.7644032140422,178.6257032792044,95.77410336608743,254.57300319956167,88.86980337332763,275.285903177841,137.19990332264598
40.166666666666664,164.7555651056081,95.60795970891363,233.90317050230254,171.67032564527753,88.69319916924428,247.7326915816414,81.7784386295748,268.47697320064987,130.18176240726098
40.333333333333336,179.04794931541176,109.79650416332727,248.2993944674962,185.9730938306202,102.87135964811893,262.1496834979131,95.94621513291044,282.92511704353853,144.42222673936965
40.5,188.0595638155612,118.70503901675704,257.41408861436537,194.99501629544162,111.76958653687672,271.28499357412625,104.83413405699625,292.09135101376756,153.3823014161592
40.666666666666664,181.20944147553342,111.75259157467228,250.66629137639455,188.15512646561953,104.80690658458627,264.5576613565668,97.86122159450011,285.39471632682523,146.48101652510297
40.833333333333336,171.37206668270488,101.81364070117043,240.93049266423932,178.3279092808583,94.8577981030171,254.8421778605462,87.9019555048636,275.7097056550067,136.59285369193773
41.0,182.74297674099188,113.08371821731932,252.40223526466448,189.70890259335917,106.11779236495215,266.3340869693989,99.15186651258485,287.2318645265008,147.9133474791557
41.166666666666664,179.18420206838297,109.4248490983935,248.94355503837244,186.1601373653819,102.44891380139465,262.8954256323703,95.47297850439566,283.82323152336727,144.30452558338834
41.333333333333336,177.41420963718863,107.55549491383027,247.27292436054697,184.40008110952445,100.56962344149454,261.2446673052186,93.58375196915866,282.20228172222625,142.48485227550955
41.5,181.5451646580221,111.58781551091874,251.5025138051254,188.54089957273243,104.59208059620852,265.49398363454605,97.59634568149814,286.4811883786772,146.5664900844705
41.666666666666664,173.57736589119344,103.52210432590454,243.63262745648234,180.5828920477223,96.51657816937575,257.6436797695401,89.51105201284682,278.6602582391268,138.54973510854907
41.833333333333336,169.99764062592914,99.84518336292184,240.15009788893636,177.01288635222983,92.82993763662121,254.18058934153785,85.81469191032045,275.2263265204401,134.9214119944256
42.0,181.74683448035532,111.49789299369156,251.99577596701909,188.77172862902168,104.47299884502529,266.0455642643518,97.44810469635887,287.12024671035107,146.62236373702353
42.166666666666664,175.09692333032473,104.75220388606485,245.44164277458458,182.13139527475067,97.71773194163896,259.5105866634366,90.68325999721291,280.61400249671465,139.9245636081949
42.333333333333336,175.55809676061173,105.11830045493728,245.9978930662862,182.6020763911792,98.07432082436993,260.08585232742104,91.03034119380244,281.21779121912346,140.33819860777461
42.5,182.35547372350655,111.8212965205638,252.8896509264493,189.40889144380083,104.76787880026963,266.9964863670379,97.7144610799753,288.1567395279208,147.08838512203528
42.666666666666664,176.30976129372587,105.68189406319242,246.93762852425934,183.37254801677923,98.61910734013917,261.0632019703661,91.55632061708575,282.25156213952624,140.99582767845922
42.833333333333336,174.72483065771968,104.00395921209594,245.44570210334342,181.79691780228205,96.93187206753367,259.5898763924682,89.85978492297124,280.8061378261554,139.36439493490792
43.0,187.0469542202534,116.23375935188145,257.86014908862535,194.1282737070906,109.15243986504436,272.02278806229975,102.07112037820713,293.26674652281145,151.64035678606754
43.166666666666664,183.07681906275147,112.17197658056246,253.98166154494047,190.16730331097037,105.08149233234367,268.1626300413783,97.9910080841247,289.4340827860351,147.62439782165706
43.333333333333336,192.14770434057934,121.15188510657228,263.14352357458637,199.24728626398004,114.05230318317169,277.3426874213878,106.95272125977093,298.64143319159,156.64979472357592
43.5,180.5953781766596,109.50924814211297,251.68150821120625,187.7039911801143,102.4006351386584,265.8987342181156,95.29202213520368,287.22457322847964,145.0523131593864
43.666666666666664,176.24285895762696,105.06707919904517,247.41863871620876,183.36043693348515,97.94950122318708,261.6537946679251,90.83192324732885,283.00652859549984,140.65496907833614
43.833333333333336,176.2260121844236,104.96123893922045,247.49078542962675,183.3524895089439,97.83476161470024,261.7437400786674,90.70828429017988,283.1231720522284,140.5936255618221
44.0,178.43448864249805,107.08137334441906,249.78760394057704,185.56980017230597,99.94606181461126,264.05822700019286,92.8107502848033,285.46416158961665,142.75793099345864
44.166666666666664,172.28773547290126,100.84692478718644,243.72854615861607,179.43181654147273,93.70284371861506,258.0167082957591,86.5587626500435,279.44895150147363,136.56733013004396
44.333333333333336,173.33282565009577,101.80496150838525,244.8606897918063,180.4856120642668,94.65217509421429,259.16626262014836,87.49938868004318,280.6246218626616,137.5688935792406
44.5,183.9446924419126,112.33041207689665,255.55897280692852,191.10612047841417,105.16898404039516,269.8818288799317,98.00755600389353,291.36611298943654,148.1375522594047
44.666666666666664,178.8639623015364,107.16389828135183,250.56402632172097,186.03396870355485,99.99389187933348,264.90403912575783,92.82388547731497,286.4140583318133,143.01393029144424
44.833333333333336,188.43140799217525,116.64618825454994,260.2166277298005,195.60992996593774,109.46766628078753,274.57367167732554,102.28914430702494,296.1092375986132,152.5387981233627
45.0,184.36633922969037,112.49658711583804,256.2360913435427,191.5533144410756,105.30961190445291,270.61004176631315,98.12263669306763,292.17096740046895,148.43146317276432
45.166666666666664,179.54547309736023,107.59180738562688,251.49913880909358,186.74083966853357,100.39644081445365,265.8898719514402,93.20107424328027,287.47597166496035,143.56864024149368
45.333333333333336,186.06451557471183,114.02755051397615,258.1014806354475,193.26821208078542,106.82385400790268,272.50887364759467,99.62015750182906,294.1199631658155,150.0460330443441
45.5,181.93206037409703,109.81240571692602,254.05171503126803,189.14402583981416,102.60044025120902,268.4756459627023,95.38847478549187,290.11154235985373,145.87223304551165
45.666666666666664,177.16691580828936,104.9651768438515,249.3686547727272,184.38708970473314,97.74500294740781,263.8090025656148,90.52482905096397,285.46952425494624,141.06604632607053
45.833333333333336,184.5057661815674,112.22254376830479,256.78898859483,191.73408842289365,104.99422152697863,271.2456330774825,97.76589928565231,292.9305998014614,148.36415497493618
46.0,184.608796080592,112.24468667865331,256.9729054825307,191.84520702078586,105.00827573845956,271.44572736291843,97.77186479826564,293.1549601835002,148.42674137962277
46.166666666666664,184.83913317178275,112.39472887521889,257.28353746834665,192.08357360143916,105.15028844556261,271.77241832765947,97.90584801590617,293.5057396166287,148.6169310235009
46.333333333333336,186.93728358435177,114.4131721530756,259.46139501562794,194.1896947274794,107.1607610099481,273.96621730188315,99.90834986682043,295.72345073126615,150.67522786871382
46.5,186.14986906231428,113.54663395382683,258.75310417080175,193.41019257316302,106.28631044297819,273.2737511924993,99.02598693212938,295.0547217250456,149.84825150807063
46.666666666666664,175.37617198556177,102.69439238644574,248.05795158467782,182.64434994547338,95.42621442653424,262.594307504501,88.15803646662258,284.39884138423594,139.03528218600385
46.833333333333336,185.9700101736392,113.21026103082227,258.7297593164562,193.2459850879209,105.93428611654068,273.2817091450196,98.65831120225894,295.10963388786473,149.59013560223084
47.0,171.10469637520208,98.26754842699124,243.9418443234129,178.38841117002318,90.98383363217026,258.5092739130551,83.70011883734912,280.3604182975185,134.68612240109678
47.166666666666664,171.57788472407438,98.66390453096307,244.4918649171857,178.8692827433855,91.37250651165203,259.074660955808,84.08110849234086,280.9488550137414,135.12089462751882
47.333333333333336,178.45243000662947,105.46217998187925,251.44268003137972,185.7514550091045,98.16315497940433,266.0407300363298,90.86412997692925,287.93780504375496,141.95730499425446
47.5,176.27576256640134,103.20980100639972,249.34172412640302,183.58235872240152,95.90320485039967,263.95491643840336,88.59660869439944,285.87470490640396,139.74278178640066
47.666666666666664,180.77574243637622,107.63462355077216,253.91686132198026,188.0898543249366,100.32051166221187,268.5450850991011,93.00639977365141,290.48742076478237,144.2051829935743
47.833333333333336,180.54887633345228,107.33315027507135,253.7646023918332,187.87044893929038,100.01157766923335,268.40774760350945,92.6900050633952,290.3724654210238,143.9410133042619
